ID,Locus 2 Main,Locus 2 Sub,Locus 3 Main,Locus 3 Sub
02,0,96,0,2
01,0,1,0,0
03,0,0,0,9
00,0,0,0,1
04,0,7,0,6
05,0,66,0,5
07,0,33,0,13
06,0,38,0,10
08,0,40,0,9
11,0,5,0,5
09,0,0,0,4
10,0,1,0,5
12,0,0,0,5
14,0,2,0,2
13,0,2,0,6
15,0,0,0,6
16,0,2,0,5
17,0,3,0,4
20,0,22,0,2
19,0,0,0,0
18,0,0,0,1
21,0,0,0,3
23,0,10,0,1
22,0,0,0,2
24,0,7,0,5
25,0,1,0,2
26,0,3,0,7
27,0,0,0,1
28,0,0,0,2
29,0,1,0,0
30,0,0,0,1
32,0,1,0,1
31,0,0,0,3
33,0,1,0,3
34,0,0,0,3
35,0,2,0,2
38,0,8,0,0
37,0,0,0,1
36,0,0,0,1
39,0,0,0,3
40,0,0,0,0
41,0,2,0,0
43,0,0,0,3
42,0,0,0,2
44,0,4,1,5
47,0,1,0,3
45,0,0,0,1
46,0,0,0,4
48,0,0,0,3
50,0,3,0,5
49,0,0,0,1
51,0,0,0,3
52,0,0,0,7
53,0,0,0,1
